rank,endurance_per_1000usd,max_flight_time_hover_min,airframe_id,airframe,battery,cells_s,all_up_mass_g,hover_throttle_pct,thermal,sbc,dvr,vtx,fpv_cam,gps,rx,video_format,ground_receiver,sbc_fit_status,deck_lxw_mm,sbc_dims_mm,battery_mount,physical_fit_note,drone_cost_usd,gcs_cost_usd,total_system_cost_usd,meets_budget_r4,meets_r6_30min,meets_r8_60min
1,34.19,55.9,AF4a,DarwinFPV X9,Upgrade Energy GREEN V2 6S3P 12Ah Amprius SA10,6,1771.7,13.6,PurpleRiver Mini 640 (T13),NanoPi M5 (4 GB) (SBC3),(none — SBC records) (—),included with airframe,included with airframe,TBS M10 GPS (G6),GEPRC ELRS Nano 2.4G PA100 (GEPRCNanoPA100),CVBS,Skydroid 150CH 5.8GHz True-Diversity UVC Receiver,marginal,100x60,90x62,top,"marginal: SBC 90x62 vs deck 100x60 mm (-2 mm) — snug/custom deck, slight overhang",1459.98,175.45,1635.43,True,True,False
2,34.14,57.4,AF4a,DarwinFPV X9,Lumenier NAV 12000mAh 6S 21700 Amprius,6,1772.7,13.7,PurpleRiver Mini 640 (T13),NanoPi M5 (4 GB) (SBC3),(none — SBC records) (—),included with airframe,included with airframe,TBS M10 GPS (G6),GEPRC ELRS Nano 2.4G PA100 (GEPRCNanoPA100),CVBS,Skydroid 150CH 5.8GHz True-Diversity UVC Receiver,marginal,100x60,90x62,top,"marginal: SBC 90x62 vs deck 100x60 mm (-2 mm) — snug/custom deck, slight overhang",1506.47,175.45,1681.92,True,True,False
3,33.91,56.9,AF3a,iFlight Chimera9 ECO,Upgrade Energy GREEN V2 6S3P 12Ah Amprius SA10,6,1749.7,14.9,PurpleRiver Mini 640 (T13),NanoPi M5 (4 GB) (SBC3),(none — SBC records) (—),included with airframe,included with airframe,included with airframe,GEPRC ELRS Nano 2.4G PA100 (GEPRCNanoPA100),CVBS,Skydroid 150CH 5.8GHz True-Diversity UVC Receiver,fits,110x70,90x62,top,fits (SBC on a raised tier; battery on deck) — 8 mm spare,1501.98,175.45,1677.43,True,True,False
4,33.89,58.4,AF3a,iFlight Chimera9 ECO,Lumenier NAV 12000mAh 6S 21700 Amprius,6,1750.7,14.9,PurpleRiver Mini 640 (T13),NanoPi M5 (4 GB) (SBC3),(none — SBC records) (—),included with airframe,included with airframe,included with airframe,GEPRC ELRS Nano 2.4G PA100 (GEPRCNanoPA100),CVBS,Skydroid 150CH 5.8GHz True-Diversity UVC Receiver,fits,110x70,90x62,top,fits (SBC on a raised tier; battery on deck) — 8 mm spare,1548.47,175.45,1723.92,True,True,False
5,31.03,48.2,AF4a,DarwinFPV X9,Upgrade Energy GREEN V2 6S2P 8Ah Amprius SA10,6,1469.7,11.3,PurpleRiver Mini 640 (T13),NanoPi M5 (4 GB) (SBC3),(none — SBC records) (—),included with airframe,included with airframe,TBS M10 GPS (G6),GEPRC ELRS Nano 2.4G PA100 (GEPRCNanoPA100),CVBS,Skydroid 150CH 5.8GHz True-Diversity UVC Receiver,marginal,100x60,90x62,top,"marginal: SBC 90x62 vs deck 100x60 mm (-2 mm) — snug/custom deck, slight overhang",1378.98,175.45,1554.43,True,True,False
6,30.83,49.2,AF3a,iFlight Chimera9 ECO,Upgrade Energy GREEN V2 6S2P 8Ah Amprius SA10,6,1447.7,12.3,PurpleRiver Mini 640 (T13),NanoPi M5 (4 GB) (SBC3),(none — SBC records) (—),included with airframe,included with airframe,included with airframe,GEPRC ELRS Nano 2.4G PA100 (GEPRCNanoPA100),CVBS,Skydroid 150CH 5.8GHz True-Diversity UVC Receiver,fits,110x70,90x62,top,fits (SBC on a raised tier; battery on deck) — 8 mm spare,1420.98,175.45,1596.43,True,True,False
7,30.72,45.2,AF4a,DarwinFPV X9,GNB (Gaoneng) 6S3P 12Ah 21700 Li-ion,6,2102.7,16.2,PurpleRiver Mini 640 (T13),NanoPi M5 (4 GB) (SBC3),(none — SBC records) (—),included with airframe,included with airframe,TBS M10 GPS (G6),GEPRC ELRS Nano 2.4G PA100 (GEPRCNanoPA100),CVBS,Skydroid 150CH 5.8GHz True-Diversity UVC Receiver,marginal,100x60,90x62,top,"marginal: SBC 90x62 vs deck 100x60 mm (-2 mm) — snug/custom deck, slight overhang",1294.98,175.45,1470.43,True,True,False
8,30.36,45.9,AF4a,DarwinFPV X9,Lumenier NAV 10000mAh 6S 21700 Li-Ion,6,1827.7,14.1,PurpleRiver Mini 640 (T13),NanoPi M5 (4 GB) (SBC3),(none — SBC records) (—),included with airframe,included with airframe,TBS M10 GPS (G6),GEPRC ELRS Nano 2.4G PA100 (GEPRCNanoPA100),CVBS,Skydroid 150CH 5.8GHz True-Diversity UVC Receiver,marginal,100x60,90x62,top,"marginal: SBC 90x62 vs deck 100x60 mm (-2 mm) — snug/custom deck, slight overhang",1334.97,175.45,1510.42,True,True,False
9,30.31,45.8,AF3a,iFlight Chimera9 ECO,GNB (Gaoneng) 6S3P 12Ah 21700 Li-ion,6,2080.7,17.7,PurpleRiver Mini 640 (T13),NanoPi M5 (4 GB) (SBC3),(none — SBC records) (—),included with airframe,included with airframe,included with airframe,GEPRC ELRS Nano 2.4G PA100 (GEPRCNanoPA100),CVBS,Skydroid 150CH 5.8GHz True-Diversity UVC Receiver,fits,110x70,90x62,top,fits (SBC on a raised tier; battery on deck) — 8 mm spare,1336.98,175.45,1512.43,True,True,False
10,30.1,48.5,AF4a,DarwinFPV X9,Upgrade Energy RED V3 6S2P 10Ah Molicel P50B,6,1720.7,13.3,PurpleRiver Mini 640 (T13),NanoPi M5 (4 GB) (SBC3),(none — SBC records) (—),included with airframe,included with airframe,TBS M10 GPS (G6),GEPRC ELRS Nano 2.4G PA100 (GEPRCNanoPA100),CVBS,Skydroid 150CH 5.8GHz True-Diversity UVC Receiver,marginal,100x60,90x62,top,"marginal: SBC 90x62 vs deck 100x60 mm (-2 mm) — snug/custom deck, slight overhang",1436.98,175.45,1612.43,True,True,False
11,30.04,46.6,AF3a,iFlight Chimera9 ECO,Lumenier NAV 10000mAh 6S 21700 Li-Ion,6,1805.7,15.4,PurpleRiver Mini 640 (T13),NanoPi M5 (4 GB) (SBC3),(none — SBC records) (—),included with airframe,included with airframe,included with airframe,GEPRC ELRS Nano 2.4G PA100 (GEPRCNanoPA100),CVBS,Skydroid 150CH 5.8GHz True-Diversity UVC Receiver,fits,110x70,90x62,top,fits (SBC on a raised tier; battery on deck) — 8 mm spare,1376.97,175.45,1552.42,True,True,False
12,29.86,49.4,AF3a,iFlight Chimera9 ECO,Upgrade Energy RED V3 6S2P 10Ah Molicel P50B,6,1698.7,14.5,PurpleRiver Mini 640 (T13),NanoPi M5 (4 GB) (SBC3),(none — SBC records) (—),included with airframe,included with airframe,included with airframe,GEPRC ELRS Nano 2.4G PA100 (GEPRCNanoPA100),CVBS,Skydroid 150CH 5.8GHz True-Diversity UVC Receiver,fits,110x70,90x62,top,fits (SBC on a raised tier; battery on deck) — 8 mm spare,1478.98,175.45,1654.43,True,True,False
13,29.01,47.3,AF4a,DarwinFPV X9,Upgrade Energy GREEN V1 6S2P 10Ah Samsung 50S,6,1752.7,13.5,PurpleRiver Mini 640 (T13),NanoPi M5 (4 GB) (SBC3),(none — SBC records) (—),included with airframe,included with airframe,TBS M10 GPS (G6),GEPRC ELRS Nano 2.4G PA100 (GEPRCNanoPA100),CVBS,Skydroid 150CH 5.8GHz True-Diversity UVC Receiver,marginal,100x60,90x62,top,"marginal: SBC 90x62 vs deck 100x60 mm (-2 mm) — snug/custom deck, slight overhang",1454.97,175.45,1630.42,True,True,False
14,28.78,48.1,AF3a,iFlight Chimera9 ECO,Upgrade Energy GREEN V1 6S2P 10Ah Samsung 50S,6,1730.7,14.8,PurpleRiver Mini 640 (T13),NanoPi M5 (4 GB) (SBC3),(none — SBC records) (—),included with airframe,included with airframe,included with airframe,GEPRC ELRS Nano 2.4G PA100 (GEPRCNanoPA100),CVBS,Skydroid 150CH 5.8GHz True-Diversity UVC Receiver,fits,110x70,90x62,top,fits (SBC on a raised tier; battery on deck) — 8 mm spare,1496.97,175.45,1672.42,True,True,False
15,27.52,40.8,AF4a,DarwinFPV X9,iFlight Fullsend 6S 8000mAh EVE INR21700-40PL,6,1692.7,13.0,PurpleRiver Mini 640 (T13),NanoPi M5 (4 GB) (SBC3),(none — SBC records) (—),included with airframe,included with airframe,TBS M10 GPS (G6),GEPRC ELRS Nano 2.4G PA100 (GEPRCNanoPA100),CVBS,Skydroid 150CH 5.8GHz True-Diversity UVC Receiver,marginal,100x60,90x62,top,"marginal: SBC 90x62 vs deck 100x60 mm (-2 mm) — snug/custom deck, slight overhang",1307.97,175.45,1483.42,True,True,False
16,27.24,41.6,AF3a,iFlight Chimera9 ECO,iFlight Fullsend 6S 8000mAh EVE INR21700-40PL,6,1670.7,14.2,PurpleRiver Mini 640 (T13),NanoPi M5 (4 GB) (SBC3),(none — SBC records) (—),included with airframe,included with airframe,included with airframe,GEPRC ELRS Nano 2.4G PA100 (GEPRCNanoPA100),CVBS,Skydroid 150CH 5.8GHz True-Diversity UVC Receiver,fits,110x70,90x62,top,fits (SBC on a raised tier; battery on deck) — 8 mm spare,1349.97,175.45,1525.42,True,True,False
17,26.39,40.9,AF4a,DarwinFPV X9,Lumenier NAV 12000mAh 6S 21700 XT90,6,2254.7,17.4,PurpleRiver Mini 640 (T13),NanoPi M5 (4 GB) (SBC3),(none — SBC records) (—),included with airframe,included with airframe,TBS M10 GPS (G6),GEPRC ELRS Nano 2.4G PA100 (GEPRCNanoPA100),CVBS,Skydroid 150CH 5.8GHz True-Diversity UVC Receiver,marginal,100x60,90x62,top,"marginal: SBC 90x62 vs deck 100x60 mm (-2 mm) — snug/custom deck, slight overhang",1374.97,175.45,1550.42,True,True,False
18,26.05,41.5,AF3a,iFlight Chimera9 ECO,Lumenier NAV 12000mAh 6S 21700 XT90,6,2232.7,19.0,PurpleRiver Mini 640 (T13),NanoPi M5 (4 GB) (SBC3),(none — SBC records) (—),included with airframe,included with airframe,included with airframe,GEPRC ELRS Nano 2.4G PA100 (GEPRCNanoPA100),CVBS,Skydroid 150CH 5.8GHz True-Diversity UVC Receiver,fits,110x70,90x62,top,fits (SBC on a raised tier; battery on deck) — 8 mm spare,1416.97,175.45,1592.42,True,True,False
19,25.99,36.7,AF4a,DarwinFPV X9,DOGCOM 6S1P 5000mAh Samsung 50S,6,1297.7,10.0,PurpleRiver Mini 640 (T13),NanoPi M5 (4 GB) (SBC3),(none — SBC records) (—),included with airframe,included with airframe,TBS M10 GPS (G6),GEPRC ELRS Nano 2.4G PA100 (GEPRCNanoPA100),CVBS,Skydroid 150CH 5.8GHz True-Diversity UVC Receiver,marginal,100x60,90x62,top,"marginal: SBC 90x62 vs deck 100x60 mm (-2 mm) — snug/custom deck, slight overhang",1234.98,175.45,1410.43,True,True,False
20,25.95,37.5,AF4a,DarwinFPV X9,iFlight Fullsend 6S2P 6000mAh Samsung 30Q,6,1460.7,11.3,PurpleRiver Mini 640 (T13),NanoPi M5 (4 GB) (SBC3),(none — SBC records) (—),included with airframe,included with airframe,TBS M10 GPS (G6),GEPRC ELRS Nano 2.4G PA100 (GEPRCNanoPA100),CVBS,Skydroid 150CH 5.8GHz True-Diversity UVC Receiver,marginal,100x60,90x62,top,"marginal: SBC 90x62 vs deck 100x60 mm (-2 mm) — snug/custom deck, slight overhang",1269.45,175.45,1444.9,True,True,False
21,25.91,38.8,AF4a,DarwinFPV X9,GNB 8000mAh 6S2P Samsung 21700 40T,6,1756.7,13.5,PurpleRiver Mini 640 (T13),NanoPi M5 (4 GB) (SBC3),(none — SBC records) (—),included with airframe,included with airframe,TBS M10 GPS (G6),GEPRC ELRS Nano 2.4G PA100 (GEPRCNanoPA100),CVBS,Skydroid 150CH 5.8GHz True-Diversity UVC Receiver,marginal,100x60,90x62,top,"marginal: SBC 90x62 vs deck 100x60 mm (-2 mm) — snug/custom deck, slight overhang",1320.97,175.45,1496.42,True,True,False
22,25.81,37.5,AF3a,iFlight Chimera9 ECO,DOGCOM 6S1P 5000mAh Samsung 50S,6,1275.7,10.9,PurpleRiver Mini 640 (T13),NanoPi M5 (4 GB) (SBC3),(none — SBC records) (—),included with airframe,included with airframe,included with airframe,GEPRC ELRS Nano 2.4G PA100 (GEPRCNanoPA100),CVBS,Skydroid 150CH 5.8GHz True-Diversity UVC Receiver,fits,110x70,90x62,top,fits (SBC on a raised tier; battery on deck) — 8 mm spare,1276.98,175.45,1452.43,True,True,False
23,25.73,38.3,AF3a,iFlight Chimera9 ECO,iFlight Fullsend 6S2P 6000mAh Samsung 30Q,6,1438.7,12.3,PurpleRiver Mini 640 (T13),NanoPi M5 (4 GB) (SBC3),(none — SBC records) (—),included with airframe,included with airframe,included with airframe,GEPRC ELRS Nano 2.4G PA100 (GEPRCNanoPA100),CVBS,Skydroid 150CH 5.8GHz True-Diversity UVC Receiver,fits,110x70,90x62,top,fits (SBC on a raised tier; battery on deck) — 8 mm spare,1311.45,175.45,1486.9,True,True,False
24,25.64,39.4,AF3a,iFlight Chimera9 ECO,GNB 8000mAh 6S2P Samsung 21700 40T,6,1734.7,14.8,PurpleRiver Mini 640 (T13),NanoPi M5 (4 GB) (SBC3),(none — SBC records) (—),included with airframe,included with airframe,included with airframe,GEPRC ELRS Nano 2.4G PA100 (GEPRCNanoPA100),CVBS,Skydroid 150CH 5.8GHz True-Diversity UVC Receiver,fits,110x70,90x62,top,fits (SBC on a raised tier; battery on deck) — 8 mm spare,1362.97,175.45,1538.42,True,True,False
25,25.01,37.8,AF4a,DarwinFPV X9,Tattu G-Tech 6S 12Ah LiPo 30C,6,2384.7,18.4,PurpleRiver Mini 640 (T13),NanoPi M5 (4 GB) (SBC3),(none — SBC records) (—),included with airframe,included with airframe,TBS M10 GPS (G6),GEPRC ELRS Nano 2.4G PA100 (GEPRCNanoPA100),CVBS,Skydroid 150CH 5.8GHz True-Diversity UVC Receiver,marginal,100x60,90x62,top,"marginal: SBC 90x62 vs deck 100x60 mm (-2 mm) — snug/custom deck, slight overhang",1334.97,175.45,1510.42,True,True,False
26,24.87,38.1,AF4a,DarwinFPV X9,Pyrodrone Hyperjuice 6S2P 6000mAh Sony VTC6,6,1442.7,11.1,PurpleRiver Mini 640 (T13),NanoPi M5 (4 GB) (SBC3),(none — SBC records) (—),included with airframe,included with airframe,TBS M10 GPS (G6),GEPRC ELRS Nano 2.4G PA100 (GEPRCNanoPA100),CVBS,Skydroid 150CH 5.8GHz True-Diversity UVC Receiver,marginal,100x60,90x62,top,"marginal: SBC 90x62 vs deck 100x60 mm (-2 mm) — snug/custom deck, slight overhang",1357.97,175.45,1533.42,True,True,False
27,24.71,38.9,AF3a,iFlight Chimera9 ECO,Pyrodrone Hyperjuice 6S2P 6000mAh Sony VTC6,6,1420.7,12.1,PurpleRiver Mini 640 (T13),NanoPi M5 (4 GB) (SBC3),(none — SBC records) (—),included with airframe,included with airframe,included with airframe,GEPRC ELRS Nano 2.4G PA100 (GEPRCNanoPA100),CVBS,Skydroid 150CH 5.8GHz True-Diversity UVC Receiver,fits,110x70,90x62,top,fits (SBC on a raised tier; battery on deck) — 8 mm spare,1399.97,175.45,1575.42,True,True,False
28,24.65,38.3,AF3a,iFlight Chimera9 ECO,Tattu G-Tech 6S 12Ah LiPo 30C,6,2362.7,20.1,PurpleRiver Mini 640 (T13),NanoPi M5 (4 GB) (SBC3),(none — SBC records) (—),included with airframe,included with airframe,included with airframe,GEPRC ELRS Nano 2.4G PA100 (GEPRCNanoPA100),CVBS,Skydroid 150CH 5.8GHz True-Diversity UVC Receiver,fits,110x70,90x62,top,fits (SBC on a raised tier; battery on deck) — 8 mm spare,1376.97,175.45,1552.42,True,True,False
29,24.43,36.1,AF4a,DarwinFPV X9,Upgrade Energy RED V3 6S1P 5Ah Molicel P50B,6,1284.7,9.9,PurpleRiver Mini 640 (T13),NanoPi M5 (4 GB) (SBC3),(none — SBC records) (—),included with airframe,included with airframe,TBS M10 GPS (G6),GEPRC ELRS Nano 2.4G PA100 (GEPRCNanoPA100),CVBS,Skydroid 150CH 5.8GHz True-Diversity UVC Receiver,marginal,100x60,90x62,top,"marginal: SBC 90x62 vs deck 100x60 mm (-2 mm) — snug/custom deck, slight overhang",1303.98,175.45,1479.43,True,True,False
30,24.3,37.0,AF3a,iFlight Chimera9 ECO,Upgrade Energy RED V3 6S1P 5Ah Molicel P50B,6,1262.7,10.8,PurpleRiver Mini 640 (T13),NanoPi M5 (4 GB) (SBC3),(none — SBC records) (—),included with airframe,included with airframe,included with airframe,GEPRC ELRS Nano 2.4G PA100 (GEPRCNanoPA100),CVBS,Skydroid 150CH 5.8GHz True-Diversity UVC Receiver,fits,110x70,90x62,top,fits (SBC on a raised tier; battery on deck) — 8 mm spare,1345.98,175.45,1521.43,True,True,False
31,23.83,34.7,AF4a,DarwinFPV X9,Lumenier NAV 5000mAh 6S 21700,6,1351.7,10.4,PurpleRiver Mini 640 (T13),NanoPi M5 (4 GB) (SBC3),(none — SBC records) (—),included with airframe,included with airframe,TBS M10 GPS (G6),GEPRC ELRS Nano 2.4G PA100 (GEPRCNanoPA100),CVBS,Skydroid 150CH 5.8GHz True-Diversity UVC Receiver,marginal,100x60,90x62,top,"marginal: SBC 90x62 vs deck 100x60 mm (-2 mm) — snug/custom deck, slight overhang",1280.97,175.45,1456.42,True,True,False
32,23.67,35.5,AF3a,iFlight Chimera9 ECO,Lumenier NAV 5000mAh 6S 21700,6,1329.7,11.3,PurpleRiver Mini 640 (T13),NanoPi M5 (4 GB) (SBC3),(none — SBC records) (—),included with airframe,included with airframe,included with airframe,GEPRC ELRS Nano 2.4G PA100 (GEPRCNanoPA100),CVBS,Skydroid 150CH 5.8GHz True-Diversity UVC Receiver,fits,110x70,90x62,top,fits (SBC on a raised tier; battery on deck) — 8 mm spare,1322.97,175.45,1498.42,True,True,False
33,23.6,36.6,AF4a,DarwinFPV X9,Lumenier NAV 6000mAh 6S 18650,6,1487.7,11.5,PurpleRiver Mini 640 (T13),NanoPi M5 (4 GB) (SBC3),(none — SBC records) (—),included with airframe,included with airframe,TBS M10 GPS (G6),GEPRC ELRS Nano 2.4G PA100 (GEPRCNanoPA100),CVBS,Skydroid 150CH 5.8GHz True-Diversity UVC Receiver,marginal,100x60,90x62,top,"marginal: SBC 90x62 vs deck 100x60 mm (-2 mm) — snug/custom deck, slight overhang",1373.97,175.45,1549.42,True,True,False
34,23.44,37.3,AF3a,iFlight Chimera9 ECO,Lumenier NAV 6000mAh 6S 18650,6,1465.7,12.5,PurpleRiver Mini 640 (T13),NanoPi M5 (4 GB) (SBC3),(none — SBC records) (—),included with airframe,included with airframe,included with airframe,GEPRC ELRS Nano 2.4G PA100 (GEPRCNanoPA100),CVBS,Skydroid 150CH 5.8GHz True-Diversity UVC Receiver,fits,110x70,90x62,top,fits (SBC on a raised tier; battery on deck) — 8 mm spare,1415.97,175.45,1591.42,True,True,False
